number,name,gender,age,city
1,Shawna,F,45.66,Las Vegas
2,Nathaniel,M,23.76,Irons
3334,Elisabeth,F,22.68,Lexington
4,Briana,F,41.7,Munster
2345,Estella,F,22.39,Fairbanks
6,Lamont,M,25.81,Purcellville
7,Melinda,F,32.89,Stowell
3234,Shanna,F,59.15,Herndon
9,Jasmine,F,55.95,Ocoee
10,Madge,F,35.84,Springfield
11,Bethany,F,30.84,Montgomery
12,Reid,M,28.54,Pacoima
4345,Antoine,M,21.44,Canby
14,Mathew,M,22.08,Van Nuys
15,Bernardo,M,42.51,Knoxville
16,Cole,M,27.48,Oklahoma City
17,Tonia,F,32.3,Friant
18,Tod,M,30.12,Patuxent River
19,Yesenia,F,49.36,Reisterstown
20,Carey,M,45.21,New Baltimore
21,Aileen,F,30.67,Herman
22,Marta,F,46.47,Hoquiam
23,Arthur,M,46.88,Dodson
24,Tara,F,41.12,Sheldon
25,Josef,M,40.98,Sacramento
26,Keri,F,57.02,Friendship
27,Desmond,M,25.07,Fresno
28,Adrienne,F,42.21,Burlingame
29,Beatriz,F,33.44,Arlee
30,Jermaine,M,27.54,Welaka
31,Scott,M,26.95,Bairoil
32,Isabel,F,45.67,Tupelo
33,Marcelino,M,21.52,Little Rock
34,Benjamin,M,40.21,Shungnak
35,Marcia,F,51.05,Victoria
36,Rudolph,M,38.28,Shinnston
37,Beverly,F,42.43,Rossville
38,Marcus,M,40.09,Bellerose
39,Priscilla,F,31.92,Fairview
40,Lynn,F,54.99,Castleton
41,Tessa,F,59.68,Austinville
42,Rufus,M,49.62,Adams Basin
43,Roman,M,54.63,Lampeter
44,Carmela,F,42.39,Keystone Heights
45,Thurman,M,21.52,Eddyville
46,Lemuel,M,32.16,Listie
47,Clint,M,23.25,Blue Island
48,Karyn,F,34.21,Ardenvoir
49,Lesa,F,36.48,Terre Haute
50,Rich,M,28.43,Maysville
51,Liz,F,31.39,Amherst
52,Kendra,F,53.8,Beaman
53,Maryellen,F,41.85,Tuckerman
54,German,M,59.06,Lakeview
55,Micheal,M,30.66,Arlington
56,Carlo,M,55.68,Liverpool
57,Bianca,F,57.19,Escatawpa
58,Elias,M,27.06,Oaks
59,Alberta,F,45.18,Rochester
60,Erin,M,22.99,Farmington
61,Frederic,M,47.82,Seligman
62,Tanner,M,49.34,Michigan City
63,Clarence,M,35.09,Macon
64,German,M,26.02,Matthews
65,Dion,M,22.33,Plainfield
66,Cornelius,M,47.19,High Point
67,Patsy,F,33.06,Atlanta
68,Waldo,M,46.69,Wooton
69,Damien,M,52.07,Five Forks
70,Curt,M,38.79,Monticello
71,Brenton,M,46.76,Green Camp
72,Miguel,M,37.08,Kingfisher
73,Esperanza,F,56.67,Lexington
74,Patricia,F,41.73,Easton
75,Forrest,M,39.37,Lee
76,Marjorie,F,55.91,Baldwin City
77,Vivian,F,57.5,Hampden Sydney
78,Duncan,M,53.48,West Palm Beach
79,Miriam,F,27.11,Brady
80,Adam,M,54,Potlatch
81,Benjamin,M,41.23,Tribune
82,Neil,M,31.88,Milton
83,Nichole,F,59.7,Bangor
84,Jonathon,M,49.86,Silver Spring
85,Brent,M,57.26,Adamsville
86,Carlene,F,31.69,Houston
87,Arnulfo,M,44.87,Auburn
88,Nickolas,M,32.12,Hanna
89,Raymundo,M,42.28,Toast
90,Jeremiah,M,29.05,Shauck
91,Tanner,M,40.87,Anchorage
92,Dorian,M,57.05,Canebrake
93,Nora,F,34.73,Woolstock
94,Danial,M,57.99,Joyce
95,Nelson,M,41.98,Glen Saint Mary
96,Manuel,M,34.06,Peabody
97,Dominic,M,38.33,Sumner
98,Lowell,M,34.93,Potter
99,Jayne,F,36.97,Norfolk
100,Cornell,M,57.21,Woodhaven
101,Doris,F,41.56,Blaine
102,Tabatha,F,51.17,Steelville
103,Jerome,M,28.65,Cobalt
104,Elton,M,34.68,Lombard
105,Stacy,M,37.17,Enterprise
106,Rory,M,41.42,Templeton
107,Greg,M,53.33,Turners Station
108,Julian,M,59.33,Lisbon Center
109,Agnes,F,41.65,Sugar City
110,Nancy,F,37.28,Cypress
111,Tyrone,M,44.34,Driftwood
112,Bradley,M,38.1,Portland
113,Emile,M,36.8,Mears
114,Zachary,M,30.72,Fairbanks
115,Tara,F,46.53,Zephyrhills
116,Aubrey,M,23.64,Osprey
117,Carroll,M,28.14,Saint Martin
118,Claudette,F,32.62,Omaha
119,Ricky,M,40.75,Mount Hope
120,Brian,M,38.68,Orlando
121,Nicholas,M,25.5,Pomona
122,Eileen,F,53.25,Oshkosh
123,Colin,M,41.4,Conroe
124,Rosario,F,56.64,Chattahoochee
125,Salvador,M,23.43,Huddy
126,Aldo,M,43.75,Linton
127,Bret,M,37.85,Vassar
128,Dominic,M,21.04,Vancouver
129,Karina,F,59.78,Centerville
130,Marquis,M,32.68,Manchester
131,Damon,M,53.03,Stacy
132,Leonel,M,21.06,Isaban
133,Teddy,M,40.16,Timblin
134,Alexandria,F,28.47,Cooksville
135,Margaret,F,45.84,Plant City
136,Willis,M,38.03,Freeman
137,Donovan,M,30.42,Monroe
138,Kristina,F,38.94,Merced
139,Garth,M,47.74,Phyllis
140,Martin,M,42.9,Centre
141,Irwin,M,42.22,Traverse City
142,Reynaldo,M,51.82,Jamaica
143,Sherri,F,26.18,Saint Louis
144,Johnny,M,54.77,Irwinville
145,Earnest,M,52.44,Masardis
146,Bernardo,M,54.21,Hollywood
147,Yvette,F,21.13,Orviston
148,Robby,M,43.39,Metaline
149,Carolina,F,22.76,Sanford
150,Sonia,F,52.1,Pearisburg
151,Larry,M,47.57,Pliny
152,Esmeralda,F,26.62,Shullsburg
153,Candy,F,36.1,Wetumpka
154,Emma,F,50.9,Briggsville
155,Scot,M,37.02,Pocahontas
156,Rolland,M,51.01,Jackson
157,Tommie,F,43.17,Wedowee
158,Jessie,M,35.88,Clearwater
159,Isiah,M,51.98,Heber City
160,Janelle,F,55.21,Falls Church
161,Christoper,M,37.93,Speaks
162,Kathie,F,30.7,Santa Teresa
163,Antonia,F,32.48,Fort Lauderdale
164,Ophelia,F,45.52,Scottsdale
165,Hallie,F,38.1,Se Ree
166,Adriana,F,38.94,Gordon
167,Jana,F,49.6,Athens
168,Quentin,M,37.38,Chippewa Falls
169,Debra,F,26.69,Kossuth
170,Kenton,M,24.54,Highland Park
171,Ian,M,51.87,Huntsville
172,Jasper,M,35.88,Greeley
173,Brock,M,49.45,Gary
174,Salvador,M,48.34,Riverdale
175,Terence,M,40.89,Montevallo
176,Dario,M,55.25,Torrance
177,Ester,F,39.41,Arendtsville
178,Leanne,F,53.58,Brookton
179,Valentin,M,51.76,Kingston
180,Jared,M,21.35,Dewittville
181,Jami,F,31.35,Country Club Hills
182,Bruno,M,41.38,Killen
183,Garland,M,55.57,Kopperl
184,Augustus,M,25.19,Napoleon
185,Luther,M,25.34,Winthrop Harbor
186,Jimmy,M,51.26,Biloxi
187,Morton,M,56.97,Kenton
188,Andrew,M,30.42,Ohio City
189,Ava,F,45.21,Fort Payne
190,Anastasia,F,24.61,Garrett Park
191,Sabrina,F,35.59,Duncan
192,Kirsten,F,48.81,Saint Louis
193,Tabatha,F,41.02,Bagdad
194,Gregg,M,58.24,Dartmouth
195,Deanne,F,43.59,Clarinda
196,Juanita,F,42.81,Seward
197,Doug,M,25.65,Doe Hill
198,Billy,M,33.83,Rhodelia
199,Boyd,M,30.16,Mount Hamilton
200,Roberto,M,22.98,Peoria
